{
    "display": {
        "icon": {
            "item": "minecraft:player_head"
            
                , "nbt": "{SkullOwner:{Id:'4864272a-f2d1-4132-9f44-3c401efaaadd',Name:'Drowned',Properties:{textures:[{Value:'eyJ0ZXh0dXJlcyI6eyJTS0lOIjp7InVybCI6Imh0dHA6Ly90ZXh0dXJlcy5taW5lY3JhZnQubmV0L3RleHR1cmUvYzNmN2NjZjYxZGJjM2Y5ZmU5YTYzMzNjZGUwYzBlMTQzOTllYjJlZWE3MWQzNGNmMjIzYjNhY2UyMjA1MSJ9fX0='}]}}}"
            
        },
        "title": {
            "text": "Capture Drowned",
            "color": "white",
            "bold": false,
            "italic": false
        },
        "description": {
            "text": "Unlock the Enchanting Table trade",
            "color": "green",
            "bold": false,
            "italic": true
        },
        "show_toast": true,
        "announce_to_chat": false,
        "frame": "task",
        "hidden": "false"
    },
    "parent": "sky_zoo:overworld_mobs",
    "criteria": {
        "capture": {
            "trigger": "minecraft:impossible"
        }
    },
    "rewards": {
        "function": "sky_zoo:rewards/drowned_reward"
    }
}
