{
    "display": {
        "icon": {
            "item": "minecraft:player_head"
            
                , "nbt": "{SkullOwner:{Id:'1c26358f-c7c0-46c4-ae94-0d2ecfcd2a50',Name:'Drowned',Properties:{textures:[{Value:'eyJ0ZXh0dXJlcyI6eyJTS0lOIjp7InVybCI6Imh0dHA6Ly90ZXh0dXJlcy5taW5lY3JhZnQubmV0L3RleHR1cmUvYzNmN2NjZjYxZGJjM2Y5ZmU5YTYzMzNjZGUwYzBlMTQzOTllYjJlZWE3MWQzNGNmMjIzYjNhY2UyMjA1MSJ9fX0='}]}}}"
            
        },
        "title": {
            "text": "Capture Drowned",
            "color": "white",
            "bold": false,
            "italic": false
        },
        "description": {
            "text": "Unlock the Sugar Cane trade",
            "color": "green",
            "bold": false,
            "italic": true
        },
        "show_toast": true,
        "announce_to_chat": false,
        "frame": "task",
        "hidden": "false"
    },
    "parent": "sky_zoo:overworld_mobs",
    "criteria": {
        "capture": {
            "trigger": "minecraft:impossible"
        }
    },
    "rewards": {
        "function": "sky_zoo:rewards/drowned_reward"
    }
}
