{
    "display": {
        "icon": {
            "item": "minecraft:player_head"
            
                , "nbt": "{SkullOwner:{Id:'1ae8deb2-7280-4081-adfa-fa2d67ad369f',Name:'Husk',Properties:{textures:[{Value:'eyJ0ZXh0dXJlcyI6eyJTS0lOIjp7InVybCI6Imh0dHA6Ly90ZXh0dXJlcy5taW5lY3JhZnQubmV0L3RleHR1cmUvNzc3MDY4MWQxYTI1NWZiNGY3NTQ3OTNhYTA1NWIyMjA0NDFjZGFiOWUxMTQxZGZhNTIzN2I0OTkzMWQ5YjkxYyJ9fX0='}]}}}"
            
        },
        "title": {
            "text": "Capture Husk",
            "color": "white",
            "bold": false,
            "italic": false
        },
        "description": {
            "text": "Unlock the Honey Block trade",
            "color": "green",
            "bold": false,
            "italic": true
        },
        "show_toast": true,
        "announce_to_chat": false,
        "frame": "task",
        "hidden": "false"
    },
    "parent": "sky_zoo:overworld_mobs",
    "criteria": {
        "capture": {
            "trigger": "minecraft:impossible"
        }
    },
    "rewards": {
        "function": "sky_zoo:rewards/husk_reward"
    }
}
