{
    "display": {
        "icon": {
            "item": "minecraft:player_head"
            
                , "nbt": "{SkullOwner:{Id:'9a7770fa-fcaf-4466-919a-94eda931c188',Name:'Endermite',Properties:{textures:[{Value:'eyJ0ZXh0dXJlcyI6eyJTS0lOIjp7InVybCI6Imh0dHA6Ly90ZXh0dXJlcy5taW5lY3JhZnQubmV0L3RleHR1cmUvODRhYWZmYTRjMDllMmVhZmI4NWQzNTIyMTIyZGIwYWE0NTg3NGJlYTRlM2Y1ZTc1NjZiNGQxNjZjN2RmOCJ9fX0='}]}}}"
            
        },
        "title": {
            "text": "Capture Endermite",
            "color": "white",
            "bold": false,
            "italic": false
        },
        "description": {
            "text": "Unlock the Shulker Shell trade",
            "color": "green",
            "bold": false,
            "italic": true
        },
        "show_toast": true,
        "announce_to_chat": false,
        "frame": "task",
        "hidden": "false"
    },
    "parent": "sky_zoo:end_mobs",
    "criteria": {
        "capture": {
            "trigger": "minecraft:impossible"
        }
    },
    "rewards": {
        "function": "sky_zoo:rewards/endermite_reward"
    }
}
