{
    "display": {
        "icon": {
            "item": "minecraft:player_head"
            
                , "nbt": "{SkullOwner:{Id:'b9610b36-cff2-4687-a5a0-455b41f3715e',Name:'Guardian',Properties:{textures:[{Value:'eyJ0ZXh0dXJlcyI6eyJTS0lOIjp7InVybCI6Imh0dHA6Ly90ZXh0dXJlcy5taW5lY3JhZnQubmV0L3RleHR1cmUvZGZiNjc1Y2I1YTdlM2ZkMjVlMjlkYTgyNThmMjRmYzAyMGIzZmE5NTAzNjJiOGJjOGViMjUyZTU2ZTc0In19fQ=='}]}}}"
            
        },
        "title": {
            "text": "Capture Guardian",
            "color": "white",
            "bold": false,
            "italic": false
        },
        "description": {
            "text": "Unlock the Kelp trade",
            "color": "green",
            "bold": false,
            "italic": true
        },
        "show_toast": true,
        "announce_to_chat": false,
        "frame": "task",
        "hidden": "false"
    },
    "parent": "sky_zoo:overworld_mobs",
    "criteria": {
        "capture": {
            "trigger": "minecraft:impossible"
        }
    },
    "rewards": {
        "function": "sky_zoo:rewards/guardian_reward"
    }
}
