{
    "display": {
        "icon": {
            "item": "minecraft:player_head"
            
                , "nbt": "{SkullOwner:{Id:'63cb0622-6bb4-4def-839f-1637d0de70f0',Name:'Enderman',Properties:{textures:[{Value:'eyJ0ZXh0dXJlcyI6eyJTS0lOIjp7InVybCI6Imh0dHA6Ly90ZXh0dXJlcy5taW5lY3JhZnQubmV0L3RleHR1cmUvN2E1OWJiMGE3YTMyOTY1YjNkOTBkOGVhZmE4OTlkMTgzNWY0MjQ1MDllYWRkNGU2YjcwOWFkYTUwYjljZiJ9fX0='}]}}}"
            
        },
        "title": {
            "text": "Capture Enderman",
            "color": "white",
            "bold": false,
            "italic": false
        },
        "description": {
            "text": "Unlock the Clay Ball trade",
            "color": "green",
            "bold": false,
            "italic": true
        },
        "show_toast": true,
        "announce_to_chat": false,
        "frame": "task",
        "hidden": "false"
    },
    "parent": "sky_zoo:end_mobs",
    "criteria": {
        "capture": {
            "trigger": "minecraft:impossible"
        }
    },
    "rewards": {
        "function": "sky_zoo:rewards/enderman_reward"
    }
}
