{
    "display": {
        "icon": {
            "item": "minecraft:player_head"
            
                , "nbt": "{SkullOwner:{Id:'zombified_piglin',Name:'Zombified Piglin',Properties:{textures:[{Value:'eyJ0ZXh0dXJlcyI6eyJTS0lOIjp7InVybCI6Imh0dHA6Ly90ZXh0dXJlcy5taW5lY3JhZnQubmV0L3RleHR1cmUvNzRlOWM2ZTk4NTgyZmZkOGZmOGZlYjMzMjJjZDE4NDljNDNmYjE2YjE1OGFiYjExY2E3YjQyZWRhNzc0M2ViIn19fQ=='}]}}}"
            
        },
        "title": {
            "text": "Capture Zombified Piglin",
            "color": "white",
            "bold": false,
            "italic": false
        },
        "description": {
            "text": "Unlock the Bell trade",
            "color": "green",
            "bold": false,
            "italic": true
        },
        "show_toast": true,
        "announce_to_chat": false,
        "frame": "task",
        "hidden": "false"
    },
    "parent": "sky_zoo:nether_mobs",
    "criteria": {
        "capture": {
            "trigger": "minecraft:impossible"
        }
    },
    "rewards": {
        "function": "sky_zoo:rewards/zombified_piglin_reward"
    }
}
