{
    "display": {
        "icon": {
            "item": "minecraft:player_head"
            
                , "nbt": "{SkullOwner:{Id:'0d0395e0-ec83-4489-8657-83aa25fad8da',Name:'Elder Guardian',Properties:{textures:[{Value:'eyJ0ZXh0dXJlcyI6eyJTS0lOIjp7InVybCI6Imh0dHA6Ly90ZXh0dXJlcy5taW5lY3JhZnQubmV0L3RleHR1cmUvMWM3OTc0ODJhMTRiZmNiODc3MjU3Y2IyY2ZmMWI2ZTZhOGI4NDEzMzM2ZmZiNGMyOWE2MTM5Mjc4YjQzNmIifX19'}]}}}"
            
        },
        "title": {
            "text": "Capture Elder Guardian",
            "color": "white",
            "bold": false,
            "italic": false
        },
        "description": {
            "text": "Unlock the Sponge trade",
            "color": "green",
            "bold": false,
            "italic": true
        },
        "show_toast": true,
        "announce_to_chat": false,
        "frame": "task",
        "hidden": "false"
    },
    "parent": "sky_zoo:overworld_mobs",
    "criteria": {
        "capture": {
            "trigger": "minecraft:impossible"
        }
    },
    "rewards": {
        "function": "sky_zoo:rewards/elder_guardian_reward"
    }
}
