{
    "display": {
        "icon": {
            "item": "minecraft:player_head"
            
                , "nbt": "{SkullOwner:{Id:'e062e88f-c345-456b-b4a6-3bb1f54663e4',Name:'Zombie Villager',Properties:{textures:[{Value:'eyJ0ZXh0dXJlcyI6eyJTS0lOIjp7InVybCI6Imh0dHA6Ly90ZXh0dXJlcy5taW5lY3JhZnQubmV0L3RleHR1cmUvZTVlMDhhODc3NmMxNzY0YzNmZTZhNmRkZDQxMmRmY2I4N2Y0MTMzMWRhZDQ3OWFjOTZjMjFkZjRiZjNhYzg5YyJ9fX0='}]}}}"
            
        },
        "title": {
            "text": "Capture Zombie Villager",
            "color": "white",
            "bold": false,
            "italic": false
        },
        "description": {
            "text": "Unlock the Anvil trade",
            "color": "green",
            "bold": false,
            "italic": true
        },
        "show_toast": true,
        "announce_to_chat": false,
        "frame": "task",
        "hidden": "false"
    },
    "parent": "sky_zoo:overworld_mobs",
    "criteria": {
        "capture": {
            "trigger": "minecraft:impossible"
        }
    },
    "rewards": {
        "function": "sky_zoo:rewards/zombie_villager_reward"
    }
}
