{
    "display": {
        "icon": {
            "item": "minecraft:player_head"
            
                , "nbt": "{SkullOwner:{Id:'951995af-96c5-4e49-9920-cf7379b89c2f',Name:'Evoker',Properties:{textures:[{Value:'eyJ0ZXh0dXJlcyI6eyJTS0lOIjp7InVybCI6Imh0dHA6Ly90ZXh0dXJlcy5taW5lY3JhZnQubmV0L3RleHR1cmUvYTAwZDNmZmYxNmMyZGNhNTliOWM1OGYwOTY1MjVjODY5NzExNjZkYmFlMTMzYjFiMDUwZTVlZTcxNjQ0MyJ9fX0='}]}}}"
            
        },
        "title": {
            "text": "Capture Evoker",
            "color": "white",
            "bold": false,
            "italic": false
        },
        "description": {
            "text": "Unlock the Chorus Flower trade",
            "color": "green",
            "bold": false,
            "italic": true
        },
        "show_toast": true,
        "announce_to_chat": false,
        "frame": "goal"
    },
    "parent": "sky_zoo:root",
    "criteria": {
        "capture": {
            "trigger": "minecraft:impossible"
        }
    },
    "rewards": {
        "function": "sky_zoo:rewards/evoker_reward"
    }
}
