{
    "display": {
        "icon": {
            "item": "minecraft:player_head"
            
                , "nbt": "{SkullOwner:{Id:'2d6c38d4-72f5-45f9-829d-cd91a288b6e9',Name:'Ravager',Properties:{textures:[{Value:'eyJ0ZXh0dXJlcyI6eyJTS0lOIjp7InVybCI6Imh0dHA6Ly90ZXh0dXJlcy5taW5lY3JhZnQubmV0L3RleHR1cmUvMWNiOWYxMzlmOTQ4OWQ4NmU0MTBhMDZkOGNiYzY3MGM4MDI4MTM3NTA4ZTNlNGJlZjYxMmZlMzJlZGQ2MDE5MyJ9fX0='}]}}}"
            
        },
        "title": {
            "text": "Capture Ravager",
            "color": "white",
            "bold": false,
            "italic": false
        },
        "description": {
            "text": "Unlock the Netherrack trade",
            "color": "green",
            "bold": false,
            "italic": true
        },
        "show_toast": true,
        "announce_to_chat": false,
        "frame": "goal"
    },
    "parent": "sky_zoo:root",
    "criteria": {
        "capture": {
            "trigger": "minecraft:impossible"
        }
    },
    "rewards": {
        "function": "sky_zoo:rewards/ravager_reward"
    }
}
