{
    "display": {
        "icon": {
            "item": "minecraft:player_head"
            
                , "nbt": "{SkullOwner:{Id:'43b9f64f-ffc2-4b9c-b362-9e9841e6f47b',Name:'Pillager',Properties:{textures:[{Value:'eyJ0ZXh0dXJlcyI6eyJTS0lOIjp7InVybCI6Imh0dHA6Ly90ZXh0dXJlcy5taW5lY3JhZnQubmV0L3RleHR1cmUvNGFlZTZiYjM3Y2JmYzkyYjBkODZkYjVhZGE0NzkwYzY0ZmY0NDY4ZDY4Yjg0OTQyZmRlMDQ0MDVlOGVmNTMzMyJ9fX0='}]}}}"
            
        },
        "title": {
            "text": "Capture Pillager",
            "color": "white",
            "bold": false,
            "italic": false
        },
        "description": {
            "text": "Unlock the Grass Block trade",
            "color": "green",
            "bold": false,
            "italic": true
        },
        "show_toast": true,
        "announce_to_chat": false,
        "frame": "goal"
    },
    "parent": "sky_zoo:root",
    "criteria": {
        "capture": {
            "trigger": "minecraft:impossible"
        }
    },
    "rewards": {
        "function": "sky_zoo:rewards/pillager_reward"
    }
}
