{
    "display": {
        "icon": {
            "item": "minecraft:grass_block"
        },
        "title": {
            "text": "Overworld Mobs",
            "bold": true,
            "color": "gold"
        },
        "description": {
            "text": "Capture mobs from the Overworld",
            "color": "white",
            "bold": false,
            "italic": true
        },
        "show_toast": false,
        "announce_to_chat": false,
        "frame": "goal"
    },
    "parent": "sky_zoo:root",
    "criteria": {
        "tick": {
            "trigger": "minecraft:impossible"
        }
    }
}
