{
    "display": {
        "icon": {
            "item": "minecraft:name_tag"
        },
        "title": {
            "text": "Complete the Zoo",
            "color": "white",
            "bold": false,
            "italic": false
        },
        "description": {
            "text": "Capture all mobs and complete your Sky Zoo",
            "color": "green",
            "bold": false,
            "italic": true
        },
        "show_toast": true,
        "announce_to_chat": false,
        "hidden": "true"
    },
    "parent": "sky_zoo:root",
    "criteria": {
        "capture": {
            "trigger": "minecraft:impossible"
        }
    },
    "rewards": {
        "function": "sky_zoo:zoo_complete"
    }
}
